s.Fact;s_1D;Количество после подготовки
W18_20;#1;1e-06
W19_20;#1;1e-06
W20_20;#1;35.1
W21_20;#1;29.25
W22_20;#1;44.1
W23_20;#1;38.25
W24_20;#1;48.15
W25_20;#1;41.4
W26_20;#1;82.35
W27_20;#1;63
W28_20;#1;1e-06
W29_20;#1;1e-06
W30_20;#1;1e-06
W31_20;#1;1e-06
W32_20;#1;68.85
W33_20;#1;48.6
W34_20;#1;73.8
W35_20;#1;70.65
W36_20;#1;73.35
W37_20;#1;56.25
W38_20;#1;69.75
W39_20;#1;55.35
W40_20;#1;70.65
W41_20;#1;53.1
W42_20;#1;47.7
W43_20;#1;27.45
W44_20;#1;55.8
W45_20;#1;76.5
W46_20;#1;62.55
W47_20;#1;76.88
W48_20;#1;90.07
W49_20;#1;83.25
W50_20;#1;141.75
W51_20;#1;183.96
W52_20;#1;165.15
W53_20;#1;92.8285714285714
W1_21;#1;69.6214285714286
W2_21;#1;80.55
W3_21;#1;44.1
W4_21;#1;41.85
W5_21;#1;45
W6_21;#1;53.55
W7_21;#1;60.3
W8_21;#1;72.53
W9_21;#1;92.71
W10_21;#1;97.88
W11_21;#1;49.05
W12_21;#1;26.7
W13_21;#1;39.53
W14_21;#1;54.07
W15_21;#1;62.4
W16_21;#1;87.15
W17_21;#1;61.58
W18_21;#1;54.6
W19_21;#1;50.85
W20_21;#1;43.2
W21_21;#1;47.62
W22_21;#1;52.72
W23_21;#1;54.14
W24_21;#1;77.63
W25_21;#1;60.3
W26_21;#1;82.27
W27_21;#1;72
W28_21;#1;79.42
W29_21;#1;97.51
W30_21;#1;169.57
W31_21;#1;26.47
W32_21;#1;35.7
W33_21;#1;49.87
W34_21;#1;40.58
W35_21;#1;31.95
W36_21;#1;58.42
W37_21;#1;63
W38_21;#1;29.93
W39_21;#1;59.92
W40_21;#1;44.55
W41_21;#1;36.07
W42_21;#1;58.05
W43_21;#1;59.18
W44_21;#1;78.97
W45_21;#1;59.54
W46_21;#1;92.49
W47_21;#1;95.78
W48_21;#1;120.98
W49_21;#1;202.544
W50_21;#1;234.766
W51_21;#1;238.618
W52_21;#1;123.15
W53_21;#1;97.6642857142857
W1_22;#1;39.0657142857143
W2_22;#1;102.75
W3_22;#1;51.22
W4_22;#1;35.86
W5_22;#1;29.85
W6_22;#1;28.2
W7_22;#1;72.82
W8_22;#1;178.804
W9_22;#1;44.26
W10_22;#1;62.63
W11_22;#1;50.78
W12_22;#1;37.57
W13_22;#1;25.58
W14_22;#1;23.56
W15_22;#1;26.03
W16_22;#1;34.8
W17_22;#1;97.06
W18_22;#1;20.03
W19_22;#1;19.2
W20_22;#1;24.3
W21_22;#1;21.6
W22_22;#1;35.7
W23_22;#1;43.27
W24_22;#1;132.586
W25_22;#1;29.92
W26_22;#1;12.83
W27_22;#1;17.1
W28_22;#1;74.03
W29_22;#1;35.33
W30_22;#1;56.92
W31_22;#1;42.29
W32_22;#1;55.73
W33_22;#1;63.9
W34_22;#1;163.66
W35_22;#1;47.03
W36_22;#1;54.83
W37_22;#1;53.55
W38_22;#1;43.87
W39_22;#1;3.15
W40_22;#1;3.15
W41_22;#1;1.35
W42_22;#1;86.48
W43_22;#1;107.02
W44_22;#1;86.4
W45_22;#1;107.92
W46_22;#1;182.25
W47_22;#1;160.04
W48_22;#1;102.45
W49_22;#1;159.6
W50_22;#1;267.1036
W51_22;#1;272.2513125
W52_22;#1;232.5893625
W53_22;#1;154.40325
W18_20;#2;4.95
W19_20;#2;30.6
W20_20;#2;18.9
W21_20;#2;18.9
W22_20;#2;24.3
W23_20;#2;102.15
W24_20;#2;18.9
W25_20;#2;4.05
W26_20;#2;13.5
W27_20;#2;15.3
W28_20;#2;14.4
W29_20;#2;12.6
W30_20;#2;20.7
W31_20;#2;34.2
W32_20;#2;29.25
W33_20;#2;34.65
W34_20;#2;29.7
W35_20;#2;19.8
W36_20;#2;25.65
W37_20;#2;19.35
W38_20;#2;25.2
W39_20;#2;14.4
W40_20;#2;18.9
W41_20;#2;18.9
W42_20;#2;16.65
W43_20;#2;12.15
W44_20;#2;22.5
W45_20;#2;36.45
W46_20;#2;41.85
W47_20;#2;41.4
W48_20;#2;53.55
W49_20;#2;54.45
W50_20;#2;84.15
W51_20;#2;130.05
W52_20;#2;135.9
W53_20;#2;80.4857142857143
W1_21;#2;60.3642857142857
W2_21;#2;56.25
W3_21;#2;29.7
W4_21;#2;15.75
W5_21;#2;20.7
W6_21;#2;29.25
W7_21;#2;28.35
W8_21;#2;37.42
W9_21;#2;39.9
W10_21;#2;45.16
W11_21;#2;31.87
W12_21;#2;16.2
W13_21;#2;18.45
W14_21;#2;26.18
W15_21;#2;25.2
W16_21;#2;52.27
W17_21;#2;32.39
W18_21;#2;27.45
W19_21;#2;19.88
W20_21;#2;13.72
W21_21;#2;12.67
W22_21;#2;22.5
W23_21;#2;19.34
W24_21;#2;33.3
W25_21;#2;19.73
W26_21;#2;27.97
W27_21;#2;29.48
W28_21;#2;30.68
W29_21;#2;33.3
W30_21;#2;123.3
W31_21;#2;21.82
W32_21;#2;5.55
W33_21;#2;8.93
W34_21;#2;12.6
W35_21;#2;13.5
W36_21;#2;20.25
W37_21;#2;18.45
W38_21;#2;16.12
W39_21;#2;17.85
W40_21;#2;14.85
W41_21;#2;19.87
W42_21;#2;24.75
W43_21;#2;47.55
W44_21;#2;26.1
W45_21;#2;1.8
W46_21;#2;67.05
W47_21;#2;87.67
W48_21;#2;41.1
W49_21;#2;2.02
W50_21;#2;2.25
W51_21;#2;225.694
W52_21;#2;180.918
W53_21;#2;65.8357142857143
W1_22;#2;26.3342857142857
W2_22;#2;91.05
W3_22;#2;31.89
W4_22;#2;31.05
W5_22;#2;25.72
W6_22;#2;25.35
W7_22;#2;37.42
W8_22;#2;15.3
W9_22;#2;36
W10_22;#2;129.98
W11_22;#2;47.32
W12_22;#2;27.9
W13_22;#2;28.94
W14_22;#2;17.7
W15_22;#2;22.88
W16_22;#2;36.08
W17_22;#2;113.4
W18_22;#2;26.17
W19_22;#2;126.45
W20_22;#2;35.84
W21_22;#2;39.76
W22_22;#2;11.02
W23_22;#2;10.8
W24_22;#2;18.15
W25_22;#2;18.9
W26_22;#2;21
W27_22;#2;35.09
W28_22;#2;4.71
W29_22;#2;50.85
W30_22;#2;57.52
W31_22;#2;37.06
W32_22;#2;43.8
W33_22;#2;35.91
W34_22;#2;87
W35_22;#2;34.79
W36_22;#2;68.02
W37_22;#2;36.68
W38_22;#2;45.23
W39_22;#2;10.35
W40_22;#2;3.6
W41_22;#2;1.8
W42_22;#2;93.9
W43_22;#2;105.96
W44_22;#2;65.71
W45_22;#2;97.2
W46_22;#2;122.922
W47_22;#2;10.5
W48_22;#2;3.6
W49_22;#2;0.9
W50_22;#2;153.3592
W51_22;#2;194.0904
W52_22;#2;14.62
W53_22;#2;0.254464285714286
W18_20;#3;4
W19_20;#3;20
W20_20;#3;20
W21_20;#3;18
W22_20;#3;9
W23_20;#3;18
W24_20;#3;17
W25_20;#3;12
W26_20;#3;27
W27_20;#3;14
W28_20;#3;13
W29_20;#3;10
W30_20;#3;10
W31_20;#3;21
W32_20;#3;18
W33_20;#3;12
W34_20;#3;13
W35_20;#3;16
W36_20;#3;15
W37_20;#3;12
W38_20;#3;14
W39_20;#3;12
W40_20;#3;15
W41_20;#3;19
W42_20;#3;13
W43_20;#3;10
W44_20;#3;15
W45_20;#3;16
W46_20;#3;22
W47_20;#3;19
W48_20;#3;25
W49_20;#3;18
W50_20;#3;20
W51_20;#3;23
W52_20;#3;22
W53_20;#3;15.4285714285714
W1_21;#3;11.5714285714286
W2_21;#3;29
W3_21;#3;17
W4_21;#3;18
W5_21;#3;14
W6_21;#3;30
W7_21;#3;13
W8_21;#3;33
W9_21;#3;26
W10_21;#3;25
W11_21;#3;20
W12_21;#3;14
W13_21;#3;23.05
W14_21;#3;21
W15_21;#3;23
W16_21;#3;43.61
W17_21;#3;38.03
W18_21;#3;29
W19_21;#3;18
W20_21;#3;18
W21_21;#3;25.8
W22_21;#3;6
W23_21;#3;19
W24_21;#3;13
W25_21;#3;13
W26_21;#3;1e-06
W27_21;#3;1e-06
W28_21;#3;1e-06
W29_21;#3;1e-06
W30_21;#3;1e-06
W31_21;#3;2
W32_21;#3;1e-06
W33_21;#3;1.15
W34_21;#3;0.2
W35_21;#3;1
W36_21;#3;1e-06
W37_21;#3;0.2
W38_21;#3;1e-06
W39_21;#3;1
W40_21;#3;3
W41_21;#3;1e-06
W42_21;#3;1e-06
W43_21;#3;1e-06
W44_21;#3;1e-06
W45_21;#3;0.05
W46_21;#3;1e-06
W47_21;#3;1e-06
W48_21;#3;0.05
W49_21;#3;1e-06
W50_21;#3;0.5
W51_21;#3;1e-06
W52_21;#3;0.5
W53_21;#3;7.14285714285714e-07
W1_22;#3;2.85714285714286e-07
W2_22;#3;0.05
W3_22;#3;1e-06
W4_22;#3;1e-06
W5_22;#3;1e-06
W6_22;#3;0.1
W7_22;#3;1e-06
W8_22;#3;1e-06
W9_22;#3;1e-06
W10_22;#3;1e-06
W11_22;#3;1e-06
W12_22;#3;1e-06
W13_22;#3;1e-06
W14_22;#3;1e-06
W15_22;#3;1e-06
W16_22;#3;1
W17_22;#3;1e-06
W18_22;#3;1e-06
W19_22;#3;1e-06
W20_22;#3;1e-06
W21_22;#3;1e-06
W22_22;#3;0.05
W23_22;#3;1e-06
W24_22;#3;1e-06
W25_22;#3;1e-06
W26_22;#3;1e-06
W27_22;#3;1e-06
W28_22;#3;1e-06
W29_22;#3;1e-06
W30_22;#3;1e-06
W31_22;#3;1e-06
W32_22;#3;1e-06
W33_22;#3;0.05
W34_22;#3;1e-06
W35_22;#3;1e-06
W36_22;#3;1e-06
W37_22;#3;1e-06
W38_22;#3;1e-06
W39_22;#3;0.3
W40_22;#3;0.3
W41_22;#3;0.8
W42_22;#3;0.05
W43_22;#3;1e-06
W44_22;#3;1e-06
W45_22;#3;1e-06
W46_22;#3;1
W47_22;#3;0.2
W48_22;#3;0.7
W49_22;#3;1e-06
W50_22;#3;0.4
W51_22;#3;1e-06
W52_22;#3;0.1
W53_22;#3;8.57142857142857e-07
W18_20;#4;1e-06
W19_20;#4;1e-06
W20_20;#4;0.07
W21_20;#4;1.05
W22_20;#4;0.42
W23_20;#4;47.04
W24_20;#4;20.16
W25_20;#4;27.72
W26_20;#4;35.28
W27_20;#4;23.52
W28_20;#4;8.4
W29_20;#4;1.68
W30_20;#4;7.56
W31_20;#4;52.92
W32_20;#4;28.56
W33_20;#4;15.12
W34_20;#4;26.18
W35_20;#4;4.2
W36_20;#4;1e-06
W37_20;#4;7.56
W38_20;#4;41.58
W39_20;#4;4.2
W40_20;#4;1e-06
W41_20;#4;1e-06
W42_20;#4;1e-06
W43_20;#4;1e-06
W44_20;#4;0.84
W45_20;#4;54.264
W46_20;#4;23.52
W47_20;#4;21.84
W48_20;#4;23.52
W49_20;#4;12.6
W50_20;#4;21
W51_20;#4;26.04
W52_20;#4;22.68
W53_20;#4;14.4
W1_21;#4;10.8
W2_21;#4;20.16
W3_21;#4;14.28
W4_21;#4;8.4
W5_21;#4;10.08
W6_21;#4;9.24
W7_21;#4;10.08
W8_21;#4;12.6
W9_21;#4;11.76
W10_21;#4;10.08
W11_21;#4;16.8
W12_21;#4;6.72
W13_21;#4;10.92
W14_21;#4;6.72
W15_21;#4;6.16
W16_21;#4;26.11
W17_21;#4;21.84
W18_21;#4;7.56
W19_21;#4;9.31
W20_21;#4;17.64
W21_21;#4;9.24
W22_21;#4;1.68
W23_21;#4;7.63
W24_21;#4;1.82
W25_21;#4;0.84
W26_21;#4;0.07
W27_21;#4;0.84
W28_21;#4;1e-06
W29_21;#4;1e-06
W30_21;#4;1e-06
W31_21;#4;1.68
W32_21;#4;12.6
W33_21;#4;66.08
W34_21;#4;14.91
W35_21;#4;12.67
W36_21;#4;9.24
W37_21;#4;9.24
W38_21;#4;15.96
W39_21;#4;26.88
W40_21;#4;10.08
W41_21;#4;16.8
W42_21;#4;25.9
W43_21;#4;18.48
W44_21;#4;27.72
W45_21;#4;8.4
W46_21;#4;15.96
W47_21;#4;17.64
W48_21;#4;23.52
W49_21;#4;8.4
W50_21;#4;18.06
W51_21;#4;26.04
W52_21;#4;14.28
W53_21;#4;7.2
W1_22;#4;2.88
W2_22;#4;26.04
W3_22;#4;20.16
W4_22;#4;8.4
W5_22;#4;11.76
W6_22;#4;5.88
W7_22;#4;18.48
W8_22;#4;21.84
W9_22;#4;12.6
W10_22;#4;21.84
W11_22;#4;29.47
W12_22;#4;32.76
W13_22;#4;32.76
W14_22;#4;5.04
W15_22;#4;8.4
W16_22;#4;44.52
W17_22;#4;159.768
W18_22;#4;23.52
W19_22;#4;5.25
W20_22;#4;15.96
W21_22;#4;17.64
W22_22;#4;19.32
W23_22;#4;20.09
W24_22;#4;1e-06
W25_22;#4;0.84
W26_22;#4;52.92
W27_22;#4;34.44
W28_22;#4;27.79
W29_22;#4;21
W30_22;#4;33.6
W31_22;#4;21
W32_22;#4;21.84
W33_22;#4;18.48
W34_22;#4;25.2
W35_22;#4;22.68
W36_22;#4;37.8
W37_22;#4;32.76
W38_22;#4;39.48
W39_22;#4;23.52
W40_22;#4;31.92
W41_22;#4;35.28
W42_22;#4;37.8
W43_22;#4;47.88
W44_22;#4;32.76
W45_22;#4;31.92
W46_22;#4;36.75
W47_22;#4;50.61
W48_22;#4;54.6
W49_22;#4;44.73
W50_22;#4;43.68
W51_22;#4;46.2
W52_22;#4;50.82
W53_22;#4;11.296875
W18_20;#5;8.4
W19_20;#5;34.2
W20_20;#5;26.4
W21_20;#5;28.8
W22_20;#5;31.2
W23_20;#5;40.44
W24_20;#5;19.8
W25_20;#5;31.2
W26_20;#5;22.35
W27_20;#5;26.4
W28_20;#5;22.2
W29_20;#5;25.8
W30_20;#5;12.6
W31_20;#5;27.6
W32_20;#5;23.4
W33_20;#5;11.28
W34_20;#5;11.4
W35_20;#5;33.6
W36_20;#5;24
W37_20;#5;21
W38_20;#5;34.2
W39_20;#5;25.8
W40_20;#5;31.2
W41_20;#5;33
W42_20;#5;15
W43_20;#5;11.4
W44_20;#5;22.2
W45_20;#5;28.2
W46_20;#5;31.8
W47_20;#5;22.6
W48_20;#5;27
W49_20;#5;27
W50_20;#5;34.2
W51_20;#5;33.6
W52_20;#5;36
W53_20;#5;18.1714285714286
W1_21;#5;13.6285714285714
W2_21;#5;18
W3_21;#5;15.6
W4_21;#5;16.2
W5_21;#5;9.6
W6_21;#5;15.6
W7_21;#5;11.4
W8_21;#5;22.8
W9_21;#5;16.2
W10_21;#5;16.8
W11_21;#5;13.2
W12_21;#5;9.31
W13_21;#5;15.35
W14_21;#5;15.6
W15_21;#5;22.2
W16_21;#5;39.05
W17_21;#5;29.4
W18_21;#5;25.25
W19_21;#5;27.6
W20_21;#5;19.8
W21_21;#5;20.2
W22_21;#5;27
W23_21;#5;21
W24_21;#5;29.4
W25_21;#5;23.35
W26_21;#5;26.55
W27_21;#5;19.85
W28_21;#5;24
W29_21;#5;22.9
W30_21;#5;22.2
W31_21;#5;31.2
W32_21;#5;19.8
W33_21;#5;25.5
W34_21;#5;19.5
W35_21;#5;28.8
W36_21;#5;29.95
W37_21;#5;36
W38_21;#5;40
W39_21;#5;55.2
W40_21;#5;36.6
W41_21;#5;35.05
W42_21;#5;36.6
W43_21;#5;33.6
W44_21;#5;48.75
W45_21;#5;62.9
W46_21;#5;52.2
W47_21;#5;65.7
W48_21;#5;71.3
W49_21;#5;63.05
W50_21;#5;50.7
W51_21;#5;62.45
W52_21;#5;42.85
W53_21;#5;19.0357142857143
W1_22;#5;7.61428571428571
W2_22;#5;28.8
W3_22;#5;23.4
W4_22;#5;23.4
W5_22;#5;21.8
W6_22;#5;42.6
W7_22;#5;25.8
W8_22;#5;39.6
W9_22;#5;40.8
W10_22;#5;41.55
W11_22;#5;43.2
W12_22;#5;42.6
W13_22;#5;45.45
W14_22;#5;24.25
W15_22;#5;34.75
W16_22;#5;60.9
W17_22;#5;111.3
W18_22;#5;13.2
W19_22;#5;11.4
W20_22;#5;28.8
W21_22;#5;18
W22_22;#5;20.4
W23_22;#5;21
W24_22;#5;22.2
W25_22;#5;21.6
W26_22;#5;33
W27_22;#5;24.15
W28_22;#5;30.05
W29_22;#5;25.55
W30_22;#5;40.5
W31_22;#5;25.8
W32_22;#5;38.5
W33_22;#5;40.35
W34_22;#5;30.8
W35_22;#5;22.8
W36_22;#5;34.8
W37_22;#5;24.6
W38_22;#5;38.2
W39_22;#5;27.6
W40_22;#5;32.4
W41_22;#5;30.6
W42_22;#5;37.2
W43_22;#5;36.6
W44_22;#5;33.6
W45_22;#5;33.6
W46_22;#5;46.6
W47_22;#5;64.8
W48_22;#5;58.15
W49_22;#5;52.8
W50_22;#5;50.5
W51_22;#5;64.3
W52_22;#5;73.7225
W53_22;#5;53.8392857142857
W18_20;#6;6.75
W19_20;#6;63
W20_20;#6;58.05
W21_20;#6;50.85
W22_20;#6;61.65
W23_20;#6;81.45
W24_20;#6;76.95
W25_20;#6;99.45
W26_20;#6;139.5
W27_20;#6;115.2
W28_20;#6;108.45
W29_20;#6;115.65
W30_20;#6;81.9
W31_20;#6;137.25
W32_20;#6;139.95
W33_20;#6;135
W34_20;#6;125.55
W35_20;#6;103.5
W36_20;#6;131.85
W37_20;#6;103.05
W38_20;#6;115.2
W39_20;#6;88.2
W40_20;#6;135.45
W41_20;#6;92.7
W42_20;#6;92.25
W43_20;#6;46.35
W44_20;#6;58.35
W45_20;#6;222.53
W46_20;#6;153.53
W47_20;#6;168.61
W48_20;#6;289.052
W49_20;#6;323.16
W50_20;#6;392.94
W51_20;#6;374.37
W52_20;#6;338.43
W53_20;#6;173.554285714286
W1_21;#6;130.165714285714
W2_21;#6;165.15
W3_21;#6;125.1
W4_21;#6;71.55
W5_21;#6;81.45
W6_21;#6;234.9
W7_21;#6;140.85
W8_21;#6;98.32
W9_21;#6;147.97
W10_21;#6;265.43
W11_21;#6;76.95
W12_21;#6;50.32
W13_21;#6;59.1
W14_21;#6;87.9
W15_21;#6;221.93
W16_21;#6;101.85
W17_21;#6;114.53
W18_21;#6;106.41
W19_21;#6;95.03
W20_21;#6;63.07
W21_21;#6;93.3
W22_21;#6;103.88
W23_21;#6;96.6
W24_21;#6;134.25
W25_21;#6;98.03
W26_21;#6;138.52
W27_21;#6;134.33
W28_21;#6;156.23
W29_21;#6;178.5
W30_21;#6;167.25
W31_21;#6;88.27
W32_21;#6;94.96
W33_21;#6;101.4
W34_21;#6;129.91
W35_21;#6;86.63
W36_21;#6;124.43
W37_21;#6;134.64
W38_21;#6;92.63
W39_21;#6;114.67
W40_21;#6;116.85
W41_21;#6;109.35
W42_21;#6;132.07
W43_21;#6;112.5
W44_21;#6;185.11
W45_21;#6;154.88
W46_21;#6;227.63
W47_21;#6;222.46
W48_21;#6;250.5
W49_21;#6;627.54
W50_21;#6;553.87
W51_21;#6;703.05
W52_21;#6;351.53
W53_21;#6;258.214285714286
W1_22;#6;103.285714285714
W2_22;#6;291.68
W3_22;#6;131.78
W4_22;#6;130.96
W5_22;#6;150
W6_22;#6;274.95
W7_22;#6;143.62
W8_22;#6;272.33
W9_22;#6;413.77
W10_22;#6;275.78
W11_22;#6;199.42
W12_22;#6;181.73
W13_22;#6;202.13
W14_22;#6;168.75
W15_22;#6;86.33
W16_22;#6;79.57
W17_22;#6;138.08
W18_22;#6;63.38
W19_22;#6;189.91
W20_22;#6;132.89
W21_22;#6;158.32
W22_22;#6;342.08
W23_22;#6;147.38
W24_22;#6;401.01
W25_22;#6;311.55
W26_22;#6;222.61
W27_22;#6;318.91
W28_22;#6;344.92
W29_22;#6;341.86
W30_22;#6;395.85
W31_22;#6;233.09
W32_22;#6;406.64
W33_22;#6;282.23
W34_22;#6;345
W35_22;#6;268.05
W36_22;#6;382.51
W37_22;#6;276.53
W38_22;#6;291.37
W39_22;#6;264.82
W40_22;#6;252.52
W41_22;#6;226.96
W42_22;#6;274.21
W43_22;#6;239.4
W44_22;#6;255.07
W45_22;#6;283.28
W46_22;#6;525.67
W47_22;#6;634.58
W48_22;#6;264.17
W49_22;#6;515.03
W50_22;#6;1595.012
W51_22;#6;439.79
W52_22;#6;546.14
W53_22;#6;760.490464285714
W18_20;#7;1e-06
W19_20;#7;1e-06
W20_20;#7;15.47
W21_20;#7;18.9
W22_20;#7;22.26
W23_20;#7;21.42
W24_20;#7;25.62
W25_20;#7;27.72
W26_20;#7;20.58
W27_20;#7;34.86
W28_20;#7;25.62
W29_20;#7;18.9
W30_20;#7;12.18
W31_20;#7;24.78
W32_20;#7;22.26
W33_20;#7;54.124
W34_20;#7;29.12
W35_20;#7;0.98
W36_20;#7;1e-06
W37_20;#7;0.21
W38_20;#7;18.9
W39_20;#7;7.21
W40_20;#7;18.13
W41_20;#7;17.64
W42_20;#7;13.02
W43_20;#7;10.92
W44_20;#7;25.9
W45_20;#7;27.72
W46_20;#7;32.55
W47_20;#7;29.4
W48_20;#7;23.94
W49_20;#7;30.66
W50_20;#7;81.284
W51_20;#7;83.916
W52_20;#7;34.86
W53_20;#7;6.48
W1_21;#7;4.86
W2_21;#7;5.04
W3_21;#7;6.72
W4_21;#7;3.36
W5_21;#7;8.4
W6_21;#7;20.58
W7_21;#7;9.66
W8_21;#7;5.46
W9_21;#7;7.56
W10_21;#7;9.38
W11_21;#7;23.24
W12_21;#7;1.26
W13_21;#7;2.52
W14_21;#7;4.2
W15_21;#7;8.82
W16_21;#7;13.44
W17_21;#7;7.28
W18_21;#7;1.75
W19_21;#7;35.14
W20_21;#7;18.83
W21_21;#7;23.38
W22_21;#7;14.91
W23_21;#7;7.98
W24_21;#7;18.9
W25_21;#7;16.45
W26_21;#7;15.96
W27_21;#7;12.6
W28_21;#7;15.12
W29_21;#7;12.18
W30_21;#7;18.48
W31_21;#7;44.66
W32_21;#7;4.62
W33_21;#7;6.3
W34_21;#7;12.18
W35_21;#7;13.02
W36_21;#7;9.66
W37_21;#7;17.64
W38_21;#7;18.48
W39_21;#7;21.42
W40_21;#7;16.8
W41_21;#7;24.92
W42_21;#7;21.7
W43_21;#7;28.56
W44_21;#7;40.32
W45_21;#7;32.76
W46_21;#7;43.68
W47_21;#7;56.28
W48_21;#7;107.1896
W49_21;#7;120.9656
W50_21;#7;78.47
W51_21;#7;13.23
W52_21;#7;13.65
W53_21;#7;14.7
W1_22;#7;5.88
W2_22;#7;15.33
W3_22;#7;7.56
W4_22;#7;10.57
W5_22;#7;13.44
W6_22;#7;21.84
W7_22;#7;26.46
W8_22;#7;30.66
W9_22;#7;34.65
W10_22;#7;36.89
W11_22;#7;37.87
W12_22;#7;36.33
W13_22;#7;39.83
W14_22;#7;22.68
W15_22;#7;35.28
W16_22;#7;31.08
W17_22;#7;71.022
W18_22;#7;22.68
W19_22;#7;16.45
W20_22;#7;16.38
W21_22;#7;13.51
W22_22;#7;23.52
W23_22;#7;20.58
W24_22;#7;23.1
W25_22;#7;19.32
W26_22;#7;22.75
W27_22;#7;25.2
W28_22;#7;25.62
W29_22;#7;5.04
W30_22;#7;21.42
W31_22;#7;39.97
W32_22;#7;24.36
W33_22;#7;21.42
W34_22;#7;34.02
W35_22;#7;21.84
W36_22;#7;37.38
W37_22;#7;29.19
W38_22;#7;32.76
W39_22;#7;36.89
W40_22;#7;47.46
W41_22;#7;42
W42_22;#7;96.376
W43_22;#7;77
W44_22;#7;12.81
W45_22;#7;18.06
W46_22;#7;17.64
W47_22;#7;30.66
W48_22;#7;34.86
W49_22;#7;57.96
W50_22;#7;40.18
W51_22;#7;78.61
W52_22;#7;72.38
W53_22;#7;14.34375
W18_20;#8;2
W19_20;#8;7
W20_20;#8;4
W21_20;#8;8
W22_20;#8;3
W23_20;#8;5
W24_20;#8;8
W25_20;#8;7
W26_20;#8;8
W27_20;#8;8
W28_20;#8;4
W29_20;#8;10
W30_20;#8;7
W31_20;#8;10.6
W32_20;#8;10
W33_20;#8;4
W34_20;#8;6
W35_20;#8;8
W36_20;#8;5
W37_20;#8;3
W38_20;#8;9
W39_20;#8;9
W40_20;#8;7
W41_20;#8;9
W42_20;#8;2
W43_20;#8;3
W44_20;#8;8
W45_20;#8;5.35
W46_20;#8;1e-06
W47_20;#8;16
W48_20;#8;18
W49_20;#8;9
W50_20;#8;11
W51_20;#8;11
W52_20;#8;14
W53_20;#8;6.28571428571429
W1_21;#8;4.71428571428571
W2_21;#8;19
W3_21;#8;17
W4_21;#8;6
W5_21;#8;5
W6_21;#8;10
W7_21;#8;14
W8_21;#8;3
W9_21;#8;15.4
W10_21;#8;5
W11_21;#8;14
W12_21;#8;5
W13_21;#8;11.35
W14_21;#8;5
W15_21;#8;4
W16_21;#8;20.03
W17_21;#8;15.15
W18_21;#8;2
W19_21;#8;17.6
W20_21;#8;11
W21_21;#8;9
W22_21;#8;6.85
W23_21;#8;4.7
W24_21;#8;9
W25_21;#8;6
W26_21;#8;9
W27_21;#8;4.6
W28_21;#8;8
W29_21;#8;9
W30_21;#8;11
W31_21;#8;12
W32_21;#8;11
W33_21;#8;13.2
W34_21;#8;4
W35_21;#8;9
W36_21;#8;9
W37_21;#8;11
W38_21;#8;7.15
W39_21;#8;13.63
W40_21;#8;7
W41_21;#8;13
W42_21;#8;9
W43_21;#8;12
W44_21;#8;6.85
W45_21;#8;7.3
W46_21;#8;10
W47_21;#8;8
W48_21;#8;13
W49_21;#8;10
W50_21;#8;8
W51_21;#8;16.05
W52_21;#8;17.15
W53_21;#8;10.7142857142857
W1_22;#8;4.28571428571429
W2_22;#8;19.15
W3_22;#8;15
W4_22;#8;5.05
W5_22;#8;9
W6_22;#8;8
W7_22;#8;9
W8_22;#8;16
W9_22;#8;8
W10_22;#8;13
W11_22;#8;16
W12_22;#8;14
W13_22;#8;16
W14_22;#8;6.8
W15_22;#8;9
W16_22;#8;13.1
W17_22;#8;14
W18_22;#8;13
W19_22;#8;9.1
W20_22;#8;10
W21_22;#8;13
W22_22;#8;12
W23_22;#8;11
W24_22;#8;4
W25_22;#8;6
W26_22;#8;7
W27_22;#8;8.55
W28_22;#8;8
W29_22;#8;4.05
W30_22;#8;6
W31_22;#8;7
W32_22;#8;2
W33_22;#8;2
W34_22;#8;7.05
W35_22;#8;7.6
W36_22;#8;4
W37_22;#8;8.25
W38_22;#8;11
W39_22;#8;5
W40_22;#8;9
W41_22;#8;8.05
W42_22;#8;7
W43_22;#8;8
W44_22;#8;8
W45_22;#8;3
W46_22;#8;3
W47_22;#8;13
W48_22;#8;15.2
W49_22;#8;10
W50_22;#8;13
W51_22;#8;10
W52_22;#8;13.05
W53_22;#8;6.02678571428572
W18_20;#9;3
W19_20;#9;6
W20_20;#9;7
W21_20;#9;8
W22_20;#9;6
W23_20;#9;2
W24_20;#9;10
W25_20;#9;3
W26_20;#9;9
W27_20;#9;9
W28_20;#9;7
W29_20;#9;4
W30_20;#9;5
W31_20;#9;13
W32_20;#9;6
W33_20;#9;3
W34_20;#9;4
W35_20;#9;9
W36_20;#9;10
W37_20;#9;4
W38_20;#9;8
W39_20;#9;7
W40_20;#9;4.85
W41_20;#9;1.1
W42_20;#9;1e-06
W43_20;#9;10
W44_20;#9;17
W45_20;#9;1
W46_20;#9;3.6
W47_20;#9;20.52
W48_20;#9;12
W49_20;#9;5.96
W50_20;#9;11.8
W51_20;#9;14
W52_20;#9;6
W53_20;#9;2.85714285714286
W1_21;#9;2.14285714285714
W2_21;#9;11
W3_21;#9;11
W4_21;#9;6
W5_21;#9;6
W6_21;#9;17
W7_21;#9;7
W8_21;#9;12
W9_21;#9;14
W10_21;#9;17
W11_21;#9;13
W12_21;#9;4
W13_21;#9;11.05
W14_21;#9;13
W15_21;#9;7
W16_21;#9;18.01
W17_21;#9;14.05
W18_21;#9;8
W19_21;#9;13
W20_21;#9;10
W21_21;#9;4
W22_21;#9;11
W23_21;#9;15
W24_21;#9;11
W25_21;#9;10
W26_21;#9;7
W27_21;#9;8
W28_21;#9;5
W29_21;#9;4
W30_21;#9;10
W31_21;#9;7.15
W32_21;#9;16
W33_21;#9;10
W34_21;#9;7
W35_21;#9;7
W36_21;#9;12
W37_21;#9;17
W38_21;#9;7
W39_21;#9;19
W40_21;#9;9
W41_21;#9;9
W42_21;#9;8
W43_21;#9;12
W44_21;#9;16
W45_21;#9;18.25
W46_21;#9;12
W47_21;#9;16
W48_21;#9;12
W49_21;#9;14.25
W50_21;#9;11
W51_21;#9;17
W52_21;#9;17.1
W53_21;#9;13.4428571428571
W1_22;#9;5.37714285714286
W2_22;#9;17
W3_22;#9;13
W4_22;#9;9
W5_22;#9;8
W6_22;#9;8
W7_22;#9;18
W8_22;#9;13
W9_22;#9;9
W10_22;#9;18.15
W11_22;#9;18.93
W12_22;#9;13.05
W13_22;#9;14
W14_22;#9;8
W15_22;#9;14
W16_22;#9;13.1
W17_22;#9;12
W18_22;#9;15
W19_22;#9;9
W20_22;#9;12
W21_22;#9;10.4
W22_22;#9;11
W23_22;#9;10.05
W24_22;#9;8
W25_22;#9;8
W26_22;#9;8
W27_22;#9;6
W28_22;#9;9
W29_22;#9;8
W30_22;#9;6.1
W31_22;#9;6
W32_22;#9;10.95
W33_22;#9;3
W34_22;#9;5
W35_22;#9;11
W36_22;#9;11
W37_22;#9;6
W38_22;#9;14.2
W39_22;#9;7
W40_22;#9;11
W41_22;#9;12
W42_22;#9;6.25
W43_22;#9;19
W44_22;#9;5
W45_22;#9;3
W46_22;#9;6
W47_22;#9;18.6
W48_22;#9;19.4
W49_22;#9;12
W50_22;#9;10
W51_22;#9;13
W52_22;#9;16.05
W53_22;#9;6.72991071428571
W18_20;#10;14.58
W19_20;#10;47.7
W20_20;#10;40.5
W21_20;#10;42.3
W22_20;#10;10.6200002
W23_20;#10;1e-06
W24_20;#10;13.8600002
W25_20;#10;50.4
W26_20;#10;56.056
W27_20;#10;40.88
W28_20;#10;34.2
W29_20;#10;36.9
W30_20;#10;14.4
W31_20;#10;15.3
W32_20;#10;43.2
W33_20;#10;33.3
W34_20;#10;36.9
W35_20;#10;30.6
W36_20;#10;23.4
W37_20;#10;15.3
W38_20;#10;32.4
W39_20;#10;18
W40_20;#10;27
W41_20;#10;27
W42_20;#10;17.1
W43_20;#10;10.8
W44_20;#10;31.5
W45_20;#10;38.7
W46_20;#10;26.25
W47_20;#10;36
W48_20;#10;22.5
W49_20;#10;31.5
W50_20;#10;41.4
W51_20;#10;45
W52_20;#10;36
W53_20;#10;21.0857142857143
W1_21;#10;15.8142857142857
W2_21;#10;31.5
W3_21;#10;24.3
W4_21;#10;20.7
W5_21;#10;27
W6_21;#10;37.8
W7_21;#10;24.53
W8_21;#10;30.83
W9_21;#10;32.63
W10_21;#10;27.45
W11_21;#10;36.97
W12_21;#10;20.7
W13_21;#10;34.27
W14_21;#10;35.4
W15_21;#10;27
W16_21;#10;42.3
W17_21;#10;46.94
W18_21;#10;37.8
W19_21;#10;37.8
W20_21;#10;22.57
W21_21;#10;30.08
W22_21;#10;18.16
W23_21;#10;18
W24_21;#10;36.9
W25_21;#10;37.28
W26_21;#10;26.48
W27_21;#10;28.8
W28_21;#10;30.67
W29_21;#10;27
W30_21;#10;30.6
W31_21;#10;37.5
W32_21;#10;24.46
W33_21;#10;33.3
W34_21;#10;25.2
W35_21;#10;21.6
W36_21;#10;33.45
W37_21;#10;51.3
W38_21;#10;45
W39_21;#10;58.5
W40_21;#10;46.8
W41_21;#10;20.92
W42_21;#10;9.45
W43_21;#10;3.45
W44_21;#10;2.7
W45_21;#10;82.88
W46_21;#10;61.58
W47_21;#10;46.05
W48_21;#10;50.03
W49_21;#10;28.35
W50_21;#10;51.75
W51_21;#10;54.15
W52_21;#10;47.71
W53_21;#10;47.5214285714286
W1_22;#10;19.0085714285714
W2_22;#10;49.5
W3_22;#10;38.77
W4_22;#10;40.65
W5_22;#10;22.8
W6_22;#10;1e-06
W7_22;#10;78.45
W8_22;#10;56.85
W9_22;#10;40.88
W10_22;#10;66.37
W11_22;#10;80.17
W12_22;#10;77.32
W13_22;#10;35.1
W14_22;#10;18.52
W15_22;#10;100.346
W16_22;#10;95.55
W17_22;#10;121.89
W18_22;#10;3.6
W19_22;#10;1.8
W20_22;#10;5.4
W21_22;#10;70.28
W22_22;#10;34.49
W23_22;#10;38.02
W24_22;#10;30.67
W25_22;#10;27
W26_22;#10;19.43
W27_22;#10;21.6
W28_22;#10;1.88
W29_22;#10;0.68
W30_22;#10;0.15
W31_22;#10;108.9
W32_22;#10;50.47
W33_22;#10;25.35
W34_22;#10;44.71
W35_22;#10;46.05
W36_22;#10;54
W37_22;#10;53.17
W38_22;#10;71.1
W39_22;#10;74.02
W40_22;#10;98.1
W41_22;#10;81.3
W42_22;#10;62.1
W43_22;#10;26.84
W44_22;#10;2.25
W45_22;#10;78.3
W46_22;#10;104.806
W47_22;#10;103.73
W48_22;#10;24.53
W49_22;#10;86.33
W50_22;#10;125.884
W51_22;#10;120.482
W52_22;#10;101.398
W53_22;#10;37.7142857142857
W18_20;#11;9.9
W19_20;#11;49.5
W20_20;#11;57.6
W21_20;#11;61.2
W22_20;#11;13.5
W23_20;#11;1e-06
W24_20;#11;1e-06
W25_20;#11;1e-06
W26_20;#11;0.38
W27_20;#11;74.7
W28_20;#11;60.3
W29_20;#11;43.2
W30_20;#11;39.6
W31_20;#11;57.6
W32_20;#11;53.1
W33_20;#11;51.3
W34_20;#11;52.2
W35_20;#11;52.2
W36_20;#11;9
W37_20;#11;42
W38_20;#11;61.42
W39_20;#11;53.1
W40_20;#11;53.1
W41_20;#11;43.2
W42_20;#11;26.62
W43_20;#11;27.97
W44_20;#11;40.5
W45_20;#11;58.5
W46_20;#11;56.93
W47_20;#11;49.65
W48_20;#11;37.8
W49_20;#11;39.6
W50_20;#11;43.2
W51_20;#11;41.4
W52_20;#11;50.4
W53_20;#11;22.1142857142857
W1_21;#11;16.5857142857143
W2_21;#11;27
W3_21;#11;24.3
W4_21;#11;38.7
W5_21;#11;41.4
W6_21;#11;37.8
W7_21;#11;45
W8_21;#11;54.9
W9_21;#11;46.35
W10_21;#11;49.5
W11_21;#11;40.5
W12_21;#11;27
W13_21;#11;38.02
W14_21;#11;46.05
W15_21;#11;30.15
W16_21;#11;37.57
W17_21;#11;57.83
W18_21;#11;51.07
W19_21;#11;49.2
W20_21;#11;34.2
W21_21;#11;41.78
W22_21;#11;39.9
W23_21;#11;42.3
W24_21;#11;59.47
W25_21;#11;52.87
W26_21;#11;63.3
W27_21;#11;54.9
W28_21;#11;64.87
W29_21;#11;84.6
W30_21;#11;125.4
W31_21;#11;14.1
W32_21;#11;0.45
W33_21;#11;27
W34_21;#11;65.1
W35_21;#11;48.6
W36_21;#11;63.22
W37_21;#11;67.5
W38_21;#11;53.25
W39_21;#11;79.05
W40_21;#11;47.55
W41_21;#11;18.68
W42_21;#11;9
W43_21;#11;3.6
W44_21;#11;113.4
W45_21;#11;61.2
W46_21;#11;77.4
W47_21;#11;66.6
W48_21;#11;75
W49_21;#11;158.91
W50_21;#11;97.2
W51_21;#11;94.65
W52_21;#11;30.98
W53_21;#11;4.17857142857143
W1_22;#11;1.67142857142857
W2_22;#11;0.9
W3_22;#11;3.6
W4_22;#11;1e-06
W5_22;#11;1.8
W6_22;#11;1e-06
W7_22;#11;108
W8_22;#11;56.55
W9_22;#11;78.3
W10_22;#11;77.94
W11_22;#11;4.5
W12_22;#11;10.28
W13_22;#11;105.08
W14_22;#11;132.3
W15_22;#11;128.78
W16_22;#11;145.28
W17_22;#11;128.48
W18_22;#11;146.7
W19_22;#11;3.6
W20_22;#11;5.4
W21_22;#11;2.7
W22_22;#11;3.6
W23_22;#11;1e-06
W24_22;#11;0.3
W25_22;#11;0.9
W26_22;#11;27
W27_22;#11;138.752
W28_22;#11;1.87
W29_22;#11;0.68
W30_22;#11;38.17
W31_22;#11;184.65
W32_22;#11;108.67
W33_22;#11;93.01
W34_22;#11;151.43
W35_22;#11;105.07
W36_22;#11;1e-06
W37_22;#11;0.9
W38_22;#11;4.5
W39_22;#11;135
W40_22;#11;165.52
W41_22;#11;183.75
W42_22;#11;115.73
W43_22;#11;190.88
W44_22;#11;103.78
W45_22;#11;164.7
W46_22;#11;208.454
W47_22;#11;194.71
W48_22;#11;178.57
W49_22;#11;197.86
W50_22;#11;191.34
W51_22;#11;212.178
W52_22;#11;211.31325
W53_22;#11;108.133928571429
W18_20;#44;1e-06
W19_20;#44;134.4
W20_20;#44;134.4
W21_20;#44;67.2
W22_20;#44;67.2
W23_20;#44;67.2
W24_20;#44;134.4
W25_20;#44;100.8
W26_20;#44;33.6
W27_20;#44;67.2
W28_20;#44;33.6
W29_20;#44;67.2
W30_20;#44;42
W31_20;#44;149.5200002
W32_20;#44;1e-06
W33_20;#44;33.6
W34_20;#44;33.6
W35_20;#44;84
W36_20;#44;16.8
W37_20;#44;176.4
W38_20;#44;33.6
W39_20;#44;67.2
W40_20;#44;50.4
W41_20;#44;67.2
W42_20;#44;67.2
W43_20;#44;100.8
W44_20;#44;100.8
W45_20;#44;100.8
W46_20;#44;100.8
W47_20;#44;181.44
W48_20;#44;268.128
W49_20;#44;100.8
W50_20;#44;1e-06
W51_20;#44;1e-06
W52_20;#44;1e-06
W53_20;#44;5.71428571428571e-07
W1_21;#44;4.28571428571429e-07
W2_21;#44;1e-06
W3_21;#44;1e-06
W4_21;#44;100.8
W5_21;#44;168
W6_21;#44;310.8000002
W7_21;#44;1e-06
W8_21;#44;1e-06
W9_21;#44;1e-06
W10_21;#44;1e-06
W11_21;#44;1e-06
W12_21;#44;1e-06
W13_21;#44;1e-06
W14_21;#44;1e-06
W15_21;#44;1e-06
W16_21;#44;1e-06
W17_21;#44;134.4000002
W18_21;#44;67.2
W19_21;#44;33.6
W20_21;#44;84
W21_21;#44;16.8
W22_21;#44;147.6
W23_21;#44;1e-06
W24_21;#44;42
W25_21;#44;67.2
W26_21;#44;75.6
W27_21;#44;33.6
W28_21;#44;67.2
W29_21;#44;75.6
W30_21;#44;42
W31_21;#44;109.2
W32_21;#44;84
W33_21;#44;58.8
W34_21;#44;134.4
W35_21;#44;16.8
W36_21;#44;58.8
W37_21;#44;50.4
W38_21;#44;8.4
W39_21;#44;50.4
W40_21;#44;50.4
W41_21;#44;42
W42_21;#44;84
W43_21;#44;84
W44_21;#44;84
W45_21;#44;42
W46_21;#44;42
W47_21;#44;100.8
W48_21;#44;16.8
W49_21;#44;126
W50_21;#44;84
W51_21;#44;67.2
W52_21;#44;58.8
W53_21;#44;66.8571428571429
W1_22;#44;26.7428571428571
W2_22;#44;1e-06
W3_22;#44;92.4
W4_22;#44;42
W5_22;#44;25.2
W6_22;#44;8.4
W7_22;#44;58.8
W8_22;#44;75.6
W9_22;#44;58.8
W10_22;#44;50.4
W11_22;#44;58.8
W12_22;#44;42
W13_22;#44;16.8
W14_22;#44;139.4400002
W15_22;#44;1e-06
W16_22;#44;1e-06
W17_22;#44;1e-06
W18_22;#44;1e-06
W19_22;#44;1e-06
W20_22;#44;1e-06
W21_22;#44;1e-06
W22_22;#44;1e-06
W23_22;#44;41.4
W24_22;#44;42
W25_22;#44;63
W26_22;#44;50.4
W27_22;#44;33.6
W28_22;#44;42
W29_22;#44;50.4
W30_22;#44;42
W31_22;#44;58.8
W32_22;#44;50.4
W33_22;#44;42
W34_22;#44;25.2
W35_22;#44;42
W36_22;#44;25.2
W37_22;#44;67.2
W38_22;#44;1e-06
W39_22;#44;42
W40_22;#44;50.4
W41_22;#44;33.6
W42_22;#44;36
W43_22;#44;355.6800002
W44_22;#44;1e-06
W45_22;#44;1e-06
W46_22;#44;1e-06
W47_22;#44;1e-06
W48_22;#44;16.8
W49_22;#44;25.2
W50_22;#44;8.4
W51_22;#44;67.2
W52_22;#44;67.2
W53_22;#44;22.5
W18_20;#45;1e-06
W19_20;#45;1e-06
W20_20;#45;32
W21_20;#45;8
W22_20;#45;32
W23_20;#45;64
W24_20;#45;64
W25_20;#45;1e-06
W26_20;#45;32
W27_20;#45;32
W28_20;#45;32
W29_20;#45;64
W30_20;#45;1e-06
W31_20;#45;48
W32_20;#45;64
W33_20;#45;16
W34_20;#45;96
W35_20;#45;1e-06
W36_20;#45;8
W37_20;#45;16
W38_20;#45;40
W39_20;#45;32
W40_20;#45;16
W41_20;#45;1e-06
W42_20;#45;1e-06
W43_20;#45;1e-06
W44_20;#45;32
W45_20;#45;1e-06
W46_20;#45;1e-06
W47_20;#45;96
W48_20;#45;286.4
W49_20;#45;136
W50_20;#45;1e-06
W51_20;#45;1e-06
W52_20;#45;1e-06
W53_20;#45;5.71428571428571e-07
W1_21;#45;4.28571428571429e-07
W2_21;#45;1e-06
W3_21;#45;1e-06
W4_21;#45;1e-06
W5_21;#45;48
W6_21;#45;120.0000002
W7_21;#45;1e-06
W8_21;#45;1e-06
W9_21;#45;1e-06
W10_21;#45;1e-06
W11_21;#45;1e-06
W12_21;#45;1e-06
W13_21;#45;1e-06
W14_21;#45;1e-06
W15_21;#45;1e-06
W16_21;#45;1e-06
W17_21;#45;136.0000002
W18_21;#45;32
W19_21;#45;1e-06
W20_21;#45;1e-06
W21_21;#45;1e-06
W22_21;#45;1e-06
W23_21;#45;64
W24_21;#45;96
W25_21;#45;1e-06
W26_21;#45;48
W27_21;#45;1e-06
W28_21;#45;40
W29_21;#45;24
W30_21;#45;24
W31_21;#45;48
W32_21;#45;32
W33_21;#45;24
W34_21;#45;56
W35_21;#45;24
W36_21;#45;16
W37_21;#45;24
W38_21;#45;16
W39_21;#45;16
W40_21;#45;24
W41_21;#45;24
W42_21;#45;1e-06
W43_21;#45;40
W44_21;#45;24
W45_21;#45;32
W46_21;#45;48
W47_21;#45;1e-06
W48_21;#45;16
W49_21;#45;40
W50_21;#45;24
W51_21;#45;32
W52_21;#45;8
W53_21;#45;24.2857142857143
W1_22;#45;9.71428571428571
W2_22;#45;16
W3_22;#45;32
W4_22;#45;42
W5_22;#45;32
W6_22;#45;16
W7_22;#45;24
W8_22;#45;32
W9_22;#45;24
W10_22;#45;32
W11_22;#45;40
W12_22;#45;54
W13_22;#45;24
W14_22;#45;64
W15_22;#45;40
W16_22;#45;56
W17_22;#45;32
W18_22;#45;48
W19_22;#45;1e-06
W20_22;#45;48
W21_22;#45;32
W22_22;#45;48
W23_22;#45;24
W24_22;#45;18
W25_22;#45;54
W26_22;#45;40
W27_22;#45;16
W28_22;#45;32
W29_22;#45;64
W30_22;#45;16
W31_22;#45;32
W32_22;#45;40
W33_22;#45;64
W34_22;#45;1e-06
W35_22;#45;48
W36_22;#45;16
W37_22;#45;64
W38_22;#45;1e-06
W39_22;#45;24
W40_22;#45;32
W41_22;#45;32
W42_22;#45;24
W43_22;#45;50
W44_22;#45;25
W45_22;#45;48
W46_22;#45;24
W47_22;#45;16
W48_22;#45;16
W49_22;#45;56.0000002
W50_22;#45;1e-06
W51_22;#45;24
W52_22;#45;32
W53_22;#45;16.0714285714286
W18_20;#12;1.8
W19_20;#12;10.8
W20_20;#12;12.6
W21_20;#12;15.3
W22_20;#12;18.9
W23_20;#12;26.1
W24_20;#12;24.75
W25_20;#12;25.65
W26_20;#12;37.35
W27_20;#12;34.65
W28_20;#12;19.35
W29_20;#12;68.85
W30_20;#12;32.4
W31_20;#12;23.4
W32_20;#12;25.2
W33_20;#12;24.75
W34_20;#12;38.7
W35_20;#12;31.05
W36_20;#12;29.7
W37_20;#12;22.5
W38_20;#12;31.95
W39_20;#12;19.8
W40_20;#12;33.75
W41_20;#12;23.4
W42_20;#12;22.05
W43_20;#12;16.65
W44_20;#12;22.05
W45_20;#12;22.95
W46_20;#12;34.65
W47_20;#12;38.77
W48_20;#12;91.814
W49_20;#12;31.5
W50_20;#12;85.5
W51_20;#12;93.78
W52_20;#12;54
W53_20;#12;39.8571428571429
W1_21;#12;29.8928571428571
W2_21;#12;42.3
W3_21;#12;18.9
W4_21;#12;17.55
W5_21;#12;22.5
W6_21;#12;31.5
W7_21;#12;19.8
W8_21;#12;19.35
W9_21;#12;34.42
W10_21;#12;35.1
W11_21;#12;18.9
W12_21;#12;9
W13_21;#12;15.45
W14_21;#12;23.4
W15_21;#12;21.15
W16_21;#12;25.65
W17_21;#12;30.6
W18_21;#12;29.25
W19_21;#12;29.7
W20_21;#12;15.3
W21_21;#12;23.4
W22_21;#12;24.75
W23_21;#12;27.45
W24_21;#12;23.4
W25_21;#12;32.09
W26_21;#12;41.85
W27_21;#12;29.62
W28_21;#12;39.3
W29_21;#12;49.8
W30_21;#12;86.93
W31_21;#12;7.28
W32_21;#12;8.55
W33_21;#12;28.66
W34_21;#12;25.2
W35_21;#12;15.3
W36_21;#12;12.23
W37_21;#12;27.75
W38_21;#12;18.9
W39_21;#12;22.05
W40_21;#12;15.82
W41_21;#12;11.78
W42_21;#12;17.55
W43_21;#12;17.47
W44_21;#12;38.92
W45_21;#12;19.2
W46_21;#12;43.87
W47_21;#12;46.57
W48_21;#12;53.63
W49_21;#12;87.678
W50_21;#12;103.722
W51_21;#12;92.818
W52_21;#12;66.31
W53_21;#12;30.6928571428571
W1_22;#12;12.2771428571429
W2_22;#12;31.28
W3_22;#12;18
W4_22;#12;12.6
W5_22;#12;16.28
W6_22;#12;9.6
W7_22;#12;31.88
W8_22;#12;72.844
W9_22;#12;16.65
W10_22;#12;9
W11_22;#12;12.15
W12_22;#12;14.93
W13_22;#12;12.6
W14_22;#12;6.3
W15_22;#12;13.5
W16_22;#12;17.55
W17_22;#12;28.8
W18_22;#12;7.65
W19_22;#12;18.44
W20_22;#12;5.85
W21_22;#12;7.5
W22_22;#12;21.45
W23_22;#12;15.75
W24_22;#12;74.55
W25_22;#12;17.55
W26_22;#12;4.5
W27_22;#12;16.27
W28_22;#12;29.55
W29_22;#12;15
W30_22;#12;22.72
W31_22;#12;21.22
W32_22;#12;29.1
W33_22;#12;30.15
W34_22;#12;68.63
W35_22;#12;27.45
W36_22;#12;27.67
W37_22;#12;16.2
W38_22;#12;13.95
W39_22;#12;0.9
W40_22;#12;1e-06
W41_22;#12;1e-06
W42_22;#12;41.18
W43_22;#12;51.59
W44_22;#12;45
W45_22;#12;49.96
W46_22;#12;91.322
W47_22;#12;77.25
W48_22;#12;53.63
W49_22;#12;57.61
W50_22;#12;110.0484
W51_22;#12;128.445475
W52_22;#12;123.436175
W53_22;#12;85.6463571428572
W18_20;#13;1.8
W19_20;#13;14.4
W20_20;#13;15.3
W21_20;#13;10.8
W22_20;#13;14.4
W23_20;#13;48.6
W24_20;#13;21.15
W25_20;#13;5.85
W26_20;#13;9.45
W27_20;#13;7.65
W28_20;#13;4.95
W29_20;#13;5.4
W30_20;#13;10.8
W31_20;#13;13.95
W32_20;#13;13.5
W33_20;#13;9
W34_20;#13;22.05
W35_20;#13;14.4
W36_20;#13;13.05
W37_20;#13;3.15
W38_20;#13;12.6
W39_20;#13;5.85
W40_20;#13;13.05
W41_20;#13;13.05
W42_20;#13;6.75
W43_20;#13;8.1
W44_20;#13;7.65
W45_20;#13;11.7
W46_20;#13;24.75
W47_20;#13;28.43
W48_20;#13;22.05
W49_20;#13;29.7
W50_20;#13;63.45
W51_20;#13;80.55
W52_20;#13;57.15
W53_20;#13;27.2571428571429
W1_21;#13;20.4428571428571
W2_21;#13;33.3
W3_21;#13;12.6
W4_21;#13;9.9
W5_21;#13;13.05
W6_21;#13;9
W7_21;#13;8.55
W8_21;#13;13.95
W9_21;#13;14.4
W10_21;#13;21.6
W11_21;#13;17.1
W12_21;#13;6.75
W13_21;#13;11.33
W14_21;#13;14.85
W15_21;#13;14.4
W16_21;#13;14.85
W17_21;#13;23.85
W18_21;#13;17.55
W19_21;#13;18
W20_21;#13;10.8
W21_21;#13;8.55
W22_21;#13;8.55
W23_21;#13;8.1
W24_21;#13;8.55
W25_21;#13;14.55
W26_21;#13;17.25
W27_21;#13;14.1
W28_21;#13;13.13
W29_21;#13;15.38
W30_21;#13;65.78
W31_21;#13;12.6
W32_21;#13;1e-06
W33_21;#13;4.72
W34_21;#13;6.82
W35_21;#13;5.85
W36_21;#13;4.95
W37_21;#13;15.3
W38_21;#13;5.85
W39_21;#13;16.2
W40_21;#13;7.05
W41_21;#13;6.98
W42_21;#13;17.32
W43_21;#13;18.6
W44_21;#13;15.37
W45_21;#13;1e-06
W46_21;#13;28.58
W47_21;#13;50.48
W48_21;#13;26.47
W49_21;#13;7.2
W50_21;#13;3.15
W51_21;#13;108.572
W52_21;#13;124.654
W53_21;#13;50.6714285714286
W1_22;#13;20.2685714285714
W2_22;#13;42
W3_22;#13;20.7
W4_22;#13;11.7
W5_22;#13;14.85
W6_22;#13;9.08
W7_22;#13;12.15
W8_22;#13;4.95
W9_22;#13;18.9
W10_22;#13;65.78
W11_22;#13;22.95
W12_22;#13;17.4
W13_22;#13;16.73
W14_22;#13;10.35
W15_22;#13;9.9
W16_22;#13;16.2
W17_22;#13;50.85
W18_22;#13;14.17
W19_22;#13;76.13
W20_22;#13;15.75
W21_22;#13;19.05
W22_22;#13;9.22
W23_22;#13;12.15
W24_22;#13;10.58
W25_22;#13;14.4
W26_22;#13;8.93
W27_22;#13;24.15
W28_22;#13;0.6
W29_22;#13;32.18
W30_22;#13;33.67
W31_22;#13;20.7
W32_22;#13;28.58
W33_22;#13;29.18
W34_22;#13;35.79
W35_22;#13;29.85
W36_22;#13;35.71
W37_22;#13;19.87
W38_22;#13;16.72
W39_22;#13;8.54
W40_22;#13;1e-06
W41_22;#13;1e-06
W42_22;#13;42.75
W43_22;#13;75.76
W44_22;#13;48.52
W45_22;#13;49.72
W46_22;#13;76.086
W47_22;#13;8.03
W48_22;#13;3.6
W49_22;#13;1.8
W50_22;#13;69.75
W51_22;#13;118.712
W52_22;#13;19.66
W53_22;#13;1.20535714285714
W18_20;#14;1e-06
W19_20;#14;5
W20_20;#14;14
W21_20;#14;10
W22_20;#14;7
W23_20;#14;3
W24_20;#14;5
W25_20;#14;8
W26_20;#14;9
W27_20;#14;5
W28_20;#14;5
W29_20;#14;5
W30_20;#14;7
W31_20;#14;7
W32_20;#14;7
W33_20;#14;8
W34_20;#14;4
W35_20;#14;4
W36_20;#14;7
W37_20;#14;3
W38_20;#14;4
W39_20;#14;4
W40_20;#14;7
W41_20;#14;4
W42_20;#14;5
W43_20;#14;1
W44_20;#14;9
W45_20;#14;12
W46_20;#14;12
W47_20;#14;8
W48_20;#14;8
W49_20;#14;7
W50_20;#14;12
W51_20;#14;14
W52_20;#14;11
W53_20;#14;4.57142857142857
W1_21;#14;3.42857142857143
W2_21;#14;12
W3_21;#14;5
W4_21;#14;7
W5_21;#14;10
W6_21;#14;6
W7_21;#14;7
W8_21;#14;15
W9_21;#14;14
W10_21;#14;12
W11_21;#14;13
W12_21;#14;4
W13_21;#14;15
W14_21;#14;12
W15_21;#14;12
W16_21;#14;12
W17_21;#14;19.2
W18_21;#14;12
W19_21;#14;7
W20_21;#14;7
W21_21;#14;8
W22_21;#14;2
W23_21;#14;12
W24_21;#14;7.2
W25_21;#14;6
W26_21;#14;1
W27_21;#14;1e-06
W28_21;#14;1
W29_21;#14;1e-06
W30_21;#14;1e-06
W31_21;#14;1e-06
W32_21;#14;1e-06
W33_21;#14;1e-06
W34_21;#14;1
W35_21;#14;1e-06
W36_21;#14;1e-06
W37_21;#14;0.05
W38_21;#14;1
W39_21;#14;1e-06
W40_21;#14;1e-06
W41_21;#14;1e-06
W42_21;#14;1e-06
W43_21;#14;1e-06
W44_21;#14;1e-06
W45_21;#14;1e-06
W46_21;#14;1.3
W47_21;#14;0.4
W48_21;#14;0.05
W49_21;#14;1e-06
W50_21;#14;1e-06
W51_21;#14;1e-06
W52_21;#14;1e-06
W53_21;#14;7.14285714285714e-07
W1_22;#14;2.85714285714286e-07
W2_22;#14;1e-06
W3_22;#14;1e-06
W4_22;#14;1e-06
W5_22;#14;0.05
W6_22;#14;1e-06
W7_22;#14;1e-06
W8_22;#14;1e-06
W9_22;#14;1e-06
W10_22;#14;1e-06
W11_22;#14;1e-06
W12_22;#14;1e-06
W13_22;#14;1e-06
W14_22;#14;0.05
W15_22;#14;1e-06
W16_22;#14;1e-06
W17_22;#14;1e-06
W18_22;#14;1e-06
W19_22;#14;1e-06
W20_22;#14;1e-06
W21_22;#14;1e-06
W22_22;#14;1e-06
W23_22;#14;1e-06
W24_22;#14;1e-06
W25_22;#14;1e-06
W26_22;#14;1e-06
W27_22;#14;1e-06
W28_22;#14;1e-06
W29_22;#14;1e-06
W30_22;#14;1e-06
W31_22;#14;1e-06
W32_22;#14;1e-06
W33_22;#14;0.5
W34_22;#14;1.3
W35_22;#14;1e-06
W36_22;#14;0.05
W37_22;#14;1e-06
W38_22;#14;1e-06
W39_22;#14;1e-06
W40_22;#14;1e-06
W41_22;#14;1e-06
W42_22;#14;0.2
W43_22;#14;1e-06
W44_22;#14;1e-06
W45_22;#14;1.95
W46_22;#14;1.8
W47_22;#14;0.6
W48_22;#14;0.1
W49_22;#14;1e-06
W50_22;#14;0.3
W51_22;#14;1e-06
W52_22;#14;1e-06
W53_22;#14;8.57142857142857e-07
W18_20;#15;1e-06
W19_20;#15;1e-06
W20_20;#15;1e-06
W21_20;#15;0.84
W22_20;#15;1e-06
W23_20;#15;19.32
W24_20;#15;11.76
W25_20;#15;10.92
W26_20;#15;16.8
W27_20;#15;15.12
W28_20;#15;10.08
W29_20;#15;0.84
W30_20;#15;1.68
W31_20;#15;18.312
W32_20;#15;11.76
W33_20;#15;8.4
W34_20;#15;20.16
W35_20;#15;1.68
W36_20;#15;1e-06
W37_20;#15;2.52
W38_20;#15;14.1120002
W39_20;#15;1e-06
W40_20;#15;1e-06
W41_20;#15;1e-06
W42_20;#15;1e-06
W43_20;#15;1e-06
W44_20;#15;1e-06
W45_20;#15;26.3760002
W46_20;#15;13.44
W47_20;#15;15.12
W48_20;#15;6.72
W49_20;#15;9.24
W50_20;#15;12.6
W51_20;#15;15.12
W52_20;#15;9.24
W53_20;#15;5.28
W1_21;#15;3.96
W2_21;#15;12.6
W3_21;#15;4.2
W4_21;#15;4.2
W5_21;#15;4.2
W6_21;#15;3.36
W7_21;#15;3.36
W8_21;#15;4.2
W9_21;#15;6.72
W10_21;#15;3.36
W11_21;#15;5.04
W12_21;#15;4.2
W13_21;#15;2.52
W14_21;#15;0.84
W15_21;#15;2.52
W16_21;#15;15.12
W17_21;#15;8.4
W18_21;#15;6.72
W19_21;#15;5.88
W20_21;#15;7.56
W21_21;#15;9.17
W22_21;#15;0.84
W23_21;#15;4.2
W24_21;#15;0.35
W25_21;#15;1e-06
W26_21;#15;0.84
W27_21;#15;1e-06
W28_21;#15;1.68
W29_21;#15;1e-06
W30_21;#15;1e-06
W31_21;#15;1e-06
W32_21;#15;3.36
W33_21;#15;25.998
W34_21;#15;9.24
W35_21;#15;5.88
W36_21;#15;8.19
W37_21;#15;6.72
W38_21;#15;9.24
W39_21;#15;8.4
W40_21;#15;5.88
W41_21;#15;5.88
W42_21;#15;11.76
W43_21;#15;9.24
W44_21;#15;15.12
W45_21;#15;5.88
W46_21;#15;9.24
W47_21;#15;3.36
W48_21;#15;20.16
W49_21;#15;9.24
W50_21;#15;13.44
W51_21;#15;5.04
W52_21;#15;10.08
W53_21;#15;10.8
W1_22;#15;4.32
W2_22;#15;10.08
W3_22;#15;5.88
W4_22;#15;3.36
W5_22;#15;5.04
W6_22;#15;5.04
W7_22;#15;7.56
W8_22;#15;8.4
W9_22;#15;7.56
W10_22;#15;14.28
W11_22;#15;8.4
W12_22;#15;17.64
W13_22;#15;16.8
W14_22;#15;4.2
W15_22;#15;9.24
W16_22;#15;55.93
W17_22;#15;97.398
W18_22;#15;18.48
W19_22;#15;9.24
W20_22;#15;6.93
W21_22;#15;9.24
W22_22;#15;10.08
W23_22;#15;12.74
W24_22;#15;1.89
W25_22;#15;1.68
W26_22;#15;23.1
W27_22;#15;15.12
W28_22;#15;10.92
W29_22;#15;10.08
W30_22;#15;13.44
W31_22;#15;9.24
W32_22;#15;12.6
W33_22;#15;7.56
W34_22;#15;13.51
W35_22;#15;16.8
W36_22;#15;15.96
W37_22;#15;12.6
W38_22;#15;13.44
W39_22;#15;13.44
W40_22;#15;16.8
W41_22;#15;15.12
W42_22;#15;17.64
W43_22;#15;15.96
W44_22;#15;19.32
W45_22;#15;15.96
W46_22;#15;20.16
W47_22;#15;19.32
W48_22;#15;25.2
W49_22;#15;19.32
W50_22;#15;19.32
W51_22;#15;20.16
W52_22;#15;26.11
W53_22;#15;5.0625
W18_20;#16;6
W19_20;#16;21
W20_20;#16;19.8
W21_20;#16;16.8
W22_20;#16;22.2
W23_20;#16;27
W24_20;#16;18.6
W25_20;#16;18
W26_20;#16;17.4
W27_20;#16;12
W28_20;#16;21.6
W29_20;#16;17.4
W30_20;#16;11.4
W31_20;#16;20.4
W32_20;#16;21.6
W33_20;#16;8.4
W34_20;#16;16.1
W35_20;#16;18
W36_20;#16;10.8
W37_20;#16;11.4
W38_20;#16;21
W39_20;#16;13.2
W40_20;#16;13.2
W41_20;#16;21
W42_20;#16;14.4
W43_20;#16;8.4
W44_20;#16;11.4
W45_20;#16;22.8
W46_20;#16;29.1
W47_20;#16;23.1
W48_20;#16;18
W49_20;#16;9.6
W50_20;#16;22.8
W51_20;#16;33.84
W52_20;#16;20.4
W53_20;#16;9.77142857142857
W1_21;#16;7.32857142857143
W2_21;#16;12
W3_21;#16;12
W4_21;#16;6
W5_21;#16;13.2
W6_21;#16;12
W7_21;#16;4.2
W8_21;#16;12.6
W9_21;#16;10.2
W10_21;#16;10.8
W11_21;#16;9
W12_21;#16;5.4
W13_21;#16;10.25
W14_21;#16;8.4
W15_21;#16;9.6
W16_21;#16;25.11
W17_21;#16;20.55
W18_21;#16;28.25
W19_21;#16;17.4
W20_21;#16;11.4
W21_21;#16;12.8
W22_21;#16;10.8
W23_21;#16;14.4
W24_21;#16;13.8
W25_21;#16;11.4
W26_21;#16;22.2
W27_21;#16;13.2
W28_21;#16;20.4
W29_21;#16;20.2
W30_21;#16;16.8
W31_21;#16;7.5
W32_21;#16;12.35
W33_21;#16;18.3
W34_21;#16;22.8
W35_21;#16;10.8
W36_21;#16;19.25
W37_21;#16;27
W38_21;#16;25.2
W39_21;#16;22.8
W40_21;#16;18.6
W41_21;#16;18
W42_21;#16;18.15
W43_21;#16;22.8
W44_21;#16;33
W45_21;#16;28.4
W46_21;#16;38.4
W47_21;#16;33
W48_21;#16;43.8
W49_21;#16;38.4
W50_21;#16;42.6
W51_21;#16;28.95
W52_21;#16;30.05
W53_21;#16;13.1071428571429
W1_22;#16;5.24285714285714
W2_22;#16;10.2
W3_22;#16;12.6
W4_22;#16;11.4
W5_22;#16;16.8
W6_22;#16;20.4
W7_22;#16;21
W8_22;#16;27
W9_22;#16;21
W10_22;#16;24.7
W11_22;#16;22.4
W12_22;#16;27
W13_22;#16;25.8
W14_22;#16;11.7
W15_22;#16;21.8
W16_22;#16;35.9
W17_22;#16;59.98
W18_22;#16;17.4
W19_22;#16;13.8
W20_22;#16;7.2
W21_22;#16;14.95
W22_22;#16;15.6
W23_22;#16;23.4
W24_22;#16;16.2
W25_22;#16;21.6
W26_22;#16;14.4
W27_22;#16;20.4
W28_22;#16;19.8
W29_22;#16;15.6
W30_22;#16;24.6
W31_22;#16;25.8
W32_22;#16;22
W33_22;#16;27.35
W34_22;#16;21
W35_22;#16;19.2
W36_22;#16;26.4
W37_22;#16;16.8
W38_22;#16;15.6
W39_22;#16;21.6
W40_22;#16;15.6
W41_22;#16;23.1
W42_22;#16;25.2
W43_22;#16;21.6
W44_22;#16;35.7
W45_22;#16;21.5
W46_22;#16;27.1
W47_22;#16;41.4
W48_22;#16;34.8
W49_22;#16;39.65
W50_22;#16;27.95
W51_22;#16;35
W52_22;#16;46.8971875
W53_22;#16;34.4266071428571
W18_20;#17;1e-06
W19_20;#17;15.75
W20_20;#17;36
W21_20;#17;24.75
W22_20;#17;33.75
W23_20;#17;43.65
W24_20;#17;42.3
W25_20;#17;51.75
W26_20;#17;77.4
W27_20;#17;53.55
W28_20;#17;45.45
W29_20;#17;48.15
W30_20;#17;36.45
W31_20;#17;63.45
W32_20;#17;46.8
W33_20;#17;66.6
W34_20;#17;81
W35_20;#17;54.9
W36_20;#17;80.1
W37_20;#17;56.25
W38_20;#17;50.85
W39_20;#17;44.1
W40_20;#17;55.8
W41_20;#17;59.4
W42_20;#17;53.55
W43_20;#17;26.1
W44_20;#17;22.05
W45_20;#17;87.3
W46_20;#17;113.4
W47_20;#17;92.7
W48_20;#17;168.75
W49_20;#17;107.55
W50_20;#17;193.05
W51_20;#17;241.74
W52_20;#17;89.55
W53_20;#17;97.2
W1_21;#17;72.9
W2_21;#17;95.4
W3_21;#17;47.7
W4_21;#17;27.45
W5_21;#17;42.75
W6_21;#17;88.2
W7_21;#17;41.4
W8_21;#17;35.1
W9_21;#17;48.67
W10_21;#17;124.2
W11_21;#17;45.82
W12_21;#17;11.85
W13_21;#17;21.15
W14_21;#17;34.95
W15_21;#17;89.93
W16_21;#17;42.3
W17_21;#17;32.77
W18_21;#17;32.69
W19_21;#17;53.1
W20_21;#17;35.02
W21_21;#17;33.3
W22_21;#17;32.86
W23_21;#17;46.95
W24_21;#17;35.84
W25_21;#17;48.97
W26_21;#17;72.75
W27_21;#17;54
W28_21;#17;61.2
W29_21;#17;82.05
W30_21;#17;78.44
W31_21;#17;35.55
W32_21;#17;34.2
W33_21;#17;53.55
W34_21;#17;72.9
W35_21;#17;37.95
W36_21;#17;45.45
W37_21;#17;52.65
W38_21;#17;41.85
W39_21;#17;42.14
W40_21;#17;49.5
W41_21;#17;45.9
W42_21;#17;62.47
W43_21;#17;48.75
W44_21;#17;104.93
W45_21;#17;71.25
W46_21;#17;94.96
W47_21;#17;94.28
W48_21;#17;104.85
W49_21;#17;229.722
W50_21;#17;261.674
W51_21;#17;230.538
W52_21;#17;155.04
W53_21;#17;89.8357142857143
W1_22;#17;35.9342857142857
W2_22;#17;143.62
W3_22;#17;77.92
W4_22;#17;71.25
W5_22;#17;75.6
W6_22;#17;119.63
W7_22;#17;72.23
W8_22;#17;85.05
W9_22;#17;154.2
W10_22;#17;104.63
W11_22;#17;49.73
W12_22;#17;60.83
W13_22;#17;64.51
W14_22;#17;50.55
W15_22;#17;38.7
W16_22;#17;25.8
W17_22;#17;58.95
W18_22;#17;15.52
W19_22;#17;99.67
W20_22;#17;47.33
W21_22;#17;51.3
W22_22;#17;147.52
W23_22;#17;60.22
W24_22;#17;131.02
W25_22;#17;177.15
W26_22;#17;118.04
W27_22;#17;124.51
W28_22;#17;178.95
W29_22;#17;113.62
W30_22;#17;179.532
W31_22;#17;152.93
W32_22;#17;183.23
W33_22;#17;145.64
W34_22;#17;127.8
W35_22;#17;149.25
W36_22;#17;173.56
W37_22;#17;104.62
W38_22;#17;114.3
W39_22;#17;125.78
W40_22;#17;90.52
W41_22;#17;103.57
W42_22;#17;144.15
W43_22;#17;91.72
W44_22;#17;128.17
W45_22;#17;138.52
W46_22;#17;215.884
W47_22;#17;242.434
W48_22;#17;104.91
W49_22;#17;211.28
W50_22;#17;647.912
W51_22;#17;180.23
W52_22;#17;201.28
W53_22;#17;496.774285714286
W18_20;#18;1e-06
W19_20;#18;1e-06
W20_20;#18;7.28
W21_20;#18;19.74
W22_20;#18;9.24
W23_20;#18;15.12
W24_20;#18;14.28
W25_20;#18;13.86
W26_20;#18;8.75
W27_20;#18;13.02
W28_20;#18;18.48
W29_20;#18;10.92
W30_20;#18;13.02
W31_20;#18;11.34
W32_20;#18;16.8
W33_20;#18;32.34
W34_20;#18;20.09
W35_20;#18;0.35
W36_20;#18;1e-06
W37_20;#18;0.63
W38_20;#18;7.14
W39_20;#18;3.78
W40_20;#18;7.98
W41_20;#18;7.56
W42_20;#18;8.4
W43_20;#18;7.56
W44_20;#18;15.96
W45_20;#18;13.02
W46_20;#18;18.06
W47_20;#18;22.68
W48_20;#18;18.9
W49_20;#18;10.5
W50_20;#18;46.2
W51_20;#18;56.868
W52_20;#18;12.6
W53_20;#18;10.32
W1_21;#18;7.74
W2_21;#18;3.78
W3_21;#18;2.94
W4_21;#18;3.78
W5_21;#18;3.78
W6_21;#18;12.6
W7_21;#18;3.36
W8_21;#18;4.2
W9_21;#18;2.52
W10_21;#18;1.68
W11_21;#18;19.32
W12_21;#18;1e-06
W13_21;#18;2.45
W14_21;#18;0.84
W15_21;#18;4.2
W16_21;#18;7.56
W17_21;#18;9.73
W18_21;#18;1e-06
W19_21;#18;22.68
W20_21;#18;11.34
W21_21;#18;8.82
W22_21;#18;12.6
W23_21;#18;5.88
W24_21;#18;7.77
W25_21;#18;8.4
W26_21;#18;7.56
W27_21;#18;4.62
W28_21;#18;7.98
W29_21;#18;8.82
W30_21;#18;17.64
W31_21;#18;10.92
W32_21;#18;0.84
W33_21;#18;2.94
W34_21;#18;8.82
W35_21;#18;2.52
W36_21;#18;8.75
W37_21;#18;7.14
W38_21;#18;9.24
W39_21;#18;7.98
W40_21;#18;11.34
W41_21;#18;10.08
W42_21;#18;14.7
W43_21;#18;14.7
W44_21;#18;24.08
W45_21;#18;21.84
W46_21;#18;20.58
W47_21;#18;31.57
W48_21;#18;59.346
W49_21;#18;72.744
W50_21;#18;52.444
W51_21;#18;4.62
W52_21;#18;13.86
W53_21;#18;9.75
W1_22;#18;3.9
W2_22;#18;6.3
W3_22;#18;2.52
W4_22;#18;5.04
W5_22;#18;5.04
W6_22;#18;10.92
W7_22;#18;15.54
W8_22;#18;11.34
W9_22;#18;11.76
W10_22;#18;23.1
W11_22;#18;21.84
W12_22;#18;23.1
W13_22;#18;21
W14_22;#18;15.96
W15_22;#18;17.64
W16_22;#18;17.22
W17_22;#18;41.874
W18_22;#18;8.82
W19_22;#18;15.12
W20_22;#18;8.82
W21_22;#18;10.01
W22_22;#18;14
W23_22;#18;17.22
W24_22;#18;12.6
W25_22;#18;14.28
W26_22;#18;14.7
W27_22;#18;16.38
W28_22;#18;15.54
W29_22;#18;0.84
W30_22;#18;13.02
W31_22;#18;27.72
W32_22;#18;11.55
W33_22;#18;18.06
W34_22;#18;16.8
W35_22;#18;20.16
W36_22;#18;28.56
W37_22;#18;18.62
W38_22;#18;17.22
W39_22;#18;21.28
W40_22;#18;27.72
W41_22;#18;19.11
W42_22;#18;63.126
W43_22;#18;47.04
W44_22;#18;15.54
W45_22;#18;18.06
W46_22;#18;18.06
W47_22;#18;27.93
W48_22;#18;21
W49_22;#18;32.13
W50_22;#18;26.67
W51_22;#18;56.91
W52_22;#18;66.611125
W53_22;#18;11.15625
W18_20;#19;1e-06
W19_20;#19;4
W20_20;#19;3
W21_20;#19;4
W22_20;#19;3
W23_20;#19;2
W24_20;#19;2
W25_20;#19;3
W26_20;#19;3
W27_20;#19;3
W28_20;#19;5
W29_20;#19;1
W30_20;#19;2
W31_20;#19;1e-06
W32_20;#19;6
W33_20;#19;5
W34_20;#19;4
W35_20;#19;2
W36_20;#19;3
W37_20;#19;3
W38_20;#19;2
W39_20;#19;5
W40_20;#19;2
W41_20;#19;7
W42_20;#19;3
W43_20;#19;2
W44_20;#19;2
W45_20;#19;3.1
W46_20;#19;1e-06
W47_20;#19;9.2000002
W48_20;#19;10
W49_20;#19;4
W50_20;#19;11
W51_20;#19;7
W52_20;#19;3
W53_20;#19;4
W1_21;#19;3
W2_21;#19;6
W3_21;#19;9.8
W4_21;#19;7
W5_21;#19;3
W6_21;#19;6
W7_21;#19;1
W8_21;#19;1
W9_21;#19;8
W10_21;#19;5
W11_21;#19;10
W12_21;#19;6
W13_21;#19;5
W14_21;#19;6
W15_21;#19;1e-06
W16_21;#19;10
W17_21;#19;7
W18_21;#19;1e-06
W19_21;#19;9.2000002
W20_21;#19;4
W21_21;#19;5
W22_21;#19;4
W23_21;#19;5
W24_21;#19;2
W25_21;#19;5
W26_21;#19;7
W27_21;#19;2
W28_21;#19;6
W29_21;#19;2
W30_21;#19;5
W31_21;#19;3
W32_21;#19;3
W33_21;#19;7
W34_21;#19;7
W35_21;#19;4
W36_21;#19;5
W37_21;#19;2.1
W38_21;#19;4
W39_21;#19;4
W40_21;#19;7
W41_21;#19;5
W42_21;#19;4
W43_21;#19;7
W44_21;#19;9.8
W45_21;#19;3
W46_21;#19;7
W47_21;#19;3
W48_21;#19;7
W49_21;#19;11.6
W50_21;#19;9
W51_21;#19;6
W52_21;#19;8.75
W53_21;#19;4.28571428571429
W1_22;#19;1.71428571428571
W2_22;#19;6
W3_22;#19;9
W4_22;#19;3
W5_22;#19;3
W6_22;#19;6
W7_22;#19;6
W8_22;#19;7.05
W9_22;#19;3
W10_22;#19;6
W11_22;#19;5
W12_22;#19;9
W13_22;#19;8
W14_22;#19;5
W15_22;#19;10
W16_22;#19;10
W17_22;#19;5
W18_22;#19;9
W19_22;#19;9
W20_22;#19;4
W21_22;#19;7
W22_22;#19;3
W23_22;#19;11
W24_22;#19;3
W25_22;#19;5
W26_22;#19;6
W27_22;#19;6
W28_22;#19;2
W29_22;#19;3
W30_22;#19;9
W31_22;#19;1
W32_22;#19;2
W33_22;#19;2
W34_22;#19;3
W35_22;#19;2
W36_22;#19;6
W37_22;#19;7
W38_22;#19;1
W39_22;#19;4
W40_22;#19;9
W41_22;#19;1
W42_22;#19;5.15
W43_22;#19;5
W44_22;#19;8
W45_22;#19;6
W46_22;#19;1e-06
W47_22;#19;7
W48_22;#19;9
W49_22;#19;7.05
W50_22;#19;4
W51_22;#19;5
W52_22;#19;8
W53_22;#19;3.34821428571429
W18_20;#20;1
W19_20;#20;3
W20_20;#20;5
W21_20;#20;4
W22_20;#20;4
W23_20;#20;3
W24_20;#20;5
W25_20;#20;6
W26_20;#20;5
W27_20;#20;6
W28_20;#20;2
W29_20;#20;2
W30_20;#20;1
W31_20;#20;4
W32_20;#20;4
W33_20;#20;1e-06
W34_20;#20;5
W35_20;#20;1
W36_20;#20;5
W37_20;#20;1
W38_20;#20;6
W39_20;#20;4
W40_20;#20;1
W41_20;#20;1e-06
W42_20;#20;1e-06
W43_20;#20;5
W44_20;#20;10
W45_20;#20;1e-06
W46_20;#20;1e-06
W47_20;#20;12.0000002
W48_20;#20;6
W49_20;#20;1e-06
W50_20;#20;5.2
W51_20;#20;8.84
W52_20;#20;6
W53_20;#20;3.42857142857143
W1_21;#20;2.57142857142857
W2_21;#20;4
W3_21;#20;10
W4_21;#20;3
W5_21;#20;3
W6_21;#20;6
W7_21;#20;1
W8_21;#20;5
W9_21;#20;9
W10_21;#20;5
W11_21;#20;3
W12_21;#20;3
W13_21;#20;7
W14_21;#20;1
W15_21;#20;6
W16_21;#20;9
W17_21;#20;4
W18_21;#20;5
W19_21;#20;8
W20_21;#20;5
W21_21;#20;4
W22_21;#20;5
W23_21;#20;1
W24_21;#20;7
W25_21;#20;7
W26_21;#20;3
W27_21;#20;2.05
W28_21;#20;7
W29_21;#20;4
W30_21;#20;6
W31_21;#20;4
W32_21;#20;1
W33_21;#20;6
W34_21;#20;4
W35_21;#20;3
W36_21;#20;3
W37_21;#20;5.05
W38_21;#20;7
W39_21;#20;9
W40_21;#20;4
W41_21;#20;5
W42_21;#20;3
W43_21;#20;9
W44_21;#20;9.2
W45_21;#20;1
W46_21;#20;10.6
W47_21;#20;2
W48_21;#20;9
W49_21;#20;10
W50_21;#20;9.15
W51_21;#20;2
W52_21;#20;11.6
W53_21;#20;7.85714285714286
W1_22;#20;3.14285714285714
W2_22;#20;7
W3_22;#20;7
W4_22;#20;6
W5_22;#20;5
W6_22;#20;4
W7_22;#20;4
W8_22;#20;7
W9_22;#20;4
W10_22;#20;4
W11_22;#20;8
W12_22;#20;9
W13_22;#20;4
W14_22;#20;9.1
W15_22;#20;9.05
W16_22;#20;8
W17_22;#20;7
W18_22;#20;3
W19_22;#20;9
W20_22;#20;3
W21_22;#20;3
W22_22;#20;6
W23_22;#20;7
W24_22;#20;2
W25_22;#20;6
W26_22;#20;1
W27_22;#20;8
W28_22;#20;5
W29_22;#20;3
W30_22;#20;5.05
W31_22;#20;5
W32_22;#20;4
W33_22;#20;3
W34_22;#20;4
W35_22;#20;3
W36_22;#20;6
W37_22;#20;3
W38_22;#20;6
W39_22;#20;5
W40_22;#20;1
W41_22;#20;5
W42_22;#20;9
W43_22;#20;6
W44_22;#20;5
W45_22;#20;4
W46_22;#20;3
W47_22;#20;5
W48_22;#20;8
W49_22;#20;2
W50_22;#20;7
W51_22;#20;6
W52_22;#20;9
W53_22;#20;2.00892857142857
